rating,total_films,percentage
G,178,17.80000000000000
NC-17,210,21.00000000000000
PG,194,19.40000000000000
PG-13,223,22.30000000000000
R,195,19.50000000000000
