name,total_films,replacement_sr
Action,64,83.64750000000002
Animation,66,83.02125000000002
Children,60,75.21250000000002
Classics,57,74.83937500000002
Comedy,58,68.96375000000002
Documentary,68,83.39500000000002
Drama,62,81.71125000000002
Family,69,85.08187500000003
Foreign,73,85.07937500000003
Games,61,77.33687500000002
Horror,56,69.52750000000002
Music,51,61.96812500000002
New,63,76.46062500000002
Sci-Fi,61,80.64937500000002
Sports,74,94.32875000000003
Travel,57,67.77687500000002
